INSERT INTO user_role (id, name) VALUES (1, 'user_role_one'), (2, 'user_role_two'), (3, 'user_role_three'), (4, 'user_role_four'), (5, 'user_role_five'), (6, 'user_role_six'), (7, 'user_role_seven'), (8, 'user_role_eight'), (9, 'user_role_nine'), (10, 'user_role_ten'); INSERT INTO user_account (id, name, surname, username, password) VALUES (1, 'user_one_name', 'user_one_surname', 'user_one_username', 'user_one_password'), (2, 'user_two_name', 'user_two_surname', 'user_two_username', 'user_two_password'), (3, 'user_three_name', 'user_three_surname', 'user_three_username', 'user_three_password'), (4, 'user_four_name', 'user_four_surname', 'user_four_username', 'user_four_password'), (5, 'user_five_name', 'user_five_surname', 'user_five_username', 'user_five_password'), (6, 'user_six_name', 'user_six_surname', 'user_six_username', 'user_six_password'), (7, 'user_seven_name', 'user_seven_surname', 'user_seven_username', 'user_seven_password'), (8, 'user_eight_name', 'user_eight_surname', 'user_eight_username', 'user_eight_password'), (9, 'user_nine_name', 'user_nine_surname', 'user_nine_username', 'user_nine_password'), (10, 'user_ten_name', 'user_ten__surname', 'user_ten__username', 'user_ten_password'); INSERT INTO author (id, name, surname) VALUES (1, 'author_one_name', 'author_one_surname'),  (2, 'author_two_name', 'author_two_surname'),  (3, 'author_three_name', 'author_three_surname'),  (4, 'author_four_name', 'author_four_surname'),  (5, 'author_five_name', 'author_five_surname'),  (6, 'author_six_name', 'author_six_surname'),  (7, 'author_seven_name', 'author_seven_surname'),  (8, 'author_eight_name', 'author_eight_surname'),  (9, 'author_nine_name', 'author_nine_surname'),  (10, 'author_ten_name', 'author_ten_surname'); INSERT INTO news (id, title, short_text, full_text, creation_date, modification_date) VALUES (1, 'news_item_one_title', 'news_item_one_short_text', 'news_item_one_full_text', '2017-11-12', '2020-10-30'),  (2, 'news_item_two_title', 'news_item_two_short_text', 'news_item_two_full_text', '2017-11-12', '2019-10-10'),  (3, 'news_item_three_title', 'news_item_three_short_text', 'news_item_three_full_text', '2017-11-12',  '2017-10-10'),  (4, 'news_item_four_title', 'news_item_four_short_text', 'news_item_four_full_text', '2019-11-01', '2015-10-01'),  (5, 'news_item_five_title', 'news_item_five_short_text', 'news_item_five_full_text', '2017-11-01', '2020-10-10'),  (6, 'news_item_six_title', 'news_item_six_short_text', 'news_item_six_full_text', '2017-11-02', '2020-10-10'),  (7, 'news_item_seven_title', 'news_item_seven_short_text', 'news_item_seven_full_text', '2017-10-12',  '2020-12-10'),  (8, 'news_item_eight_title', 'news_item_eight_short_text', 'news_item_eight_full_text', '2017-10-12',  '2020-10-12'),  (9, 'news_item_nine_title', 'news_item_nine_short_text', 'news_item_nine_full_text', '2017-11-12', '2020-12-11'),  (10, 'news_item_ten_title', 'news_item_ten__short_text', 'news_item_ten__full_text', '2017-11-12', '2020-10-10'); INSERT INTO tag (id, name) VALUES (1, 'tag_one'),  (2, 'tag_two'),  (3, 'tag_three'),  (4, 'tag_four'),  (5, 'tag_five'),  (6, 'tag_six'),  (7, 'tag_seven'),  (8, 'tag_eight'),  (9, 'tag_nine'),  (10, 'tag_ten'); INSERT INTO news_author (author_id, news_id) VALUES (1, 1),  (2, 2),  (3, 3),  (4, 4),  (5, 5),  (6, 6),  (6, 7),  (6, 8),  (7, 9),  (7, 10); INSERT INTO news_tag (news_id, tag_id) VALUES (1, 1),  (2, 2),  (3, 3),  (4, 3),  (5, 3),  (5, 4),  (6, 5),  (7, 5),  (8, 6),  (8, 7),  (8, 8),  (9, 9),  (10, 9),  (1, 9),  (1, 10),  (2, 10); INSERT INTO users_and_roles (role_id, user_id) VALUES (1, 2), (2, 3), (3, 4), (4, 5), (5, 6), (6, 7), (6, 8), (6, 9), (7, 10), (7, 1);